VulnerabilityID,PkgName,InstalledVersion,Severity,Status,FixedVersion,PrimaryURL
CVE-2011-3374,apt,3.0.3,LOW,affected,,https://avd.aquasec.com/nvd/cve-2011-3374
TEMP-0841856-B18BAF,bash,5.2.37-2+b9,LOW,affected,,https://security-tracker.debian.org/tracker/TEMP-0841856-B18BAF
CVE-2026-76642,bsdutils,1:2.41.5-0+deb13u1,HIGH,affected,,https://avd.aquasec.com/nvd/cve-2026-76642
CVE-2026-78408,bsdutils,1:2.41.5-0+deb13u1,HIGH,affected,,https://avd.aquasec.com/nvd/cve-2026-78408
CVE-2026-78409,bsdutils,1:2.41.5-0+deb13u1,HIGH,affected,,https://avd.aquasec.com/nvd/cve-2026-78409
CVE-2026-78410,bsdutils,1:2.41.5-0+deb13u1,HIGH,affected,,https://avd.aquasec.com/nvd/cve-2026-78410
CVE-2026-3184,bsdutils,1:2.41.5-0+deb13u1,MEDIUM,affected,,https://avd.aquasec.com/nvd/cve-2026-3184
CVE-2022-0563,bsdutils,1:2.41.5-0+deb13u1,LOW,affected,,https://avd.aquasec.com/nvd/cve-2022-0563
CVE-2017-18018,coreutils,9.7-3,LOW,affected,,https://avd.aquasec.com/nvd/cve-2017-18018
CVE-2025-5278,coreutils,9.7-3,LOW,affected,,https://avd.aquasec.com/nvd/cve-2025-5278
CVE-2026-56391,coreutils,9.7-3,LOW,affected,,https://avd.aquasec.com/nvd/cve-2026-56391
CVE-2026-56392,coreutils,9.7-3,LOW,affected,,https://avd.aquasec.com/nvd/cve-2026-56392
CVE-2026-53910,diffutils,1:3.10-4,LOW,affected,,https://avd.aquasec.com/nvd/cve-2026-53910
CVE-2026-41992,gzip,1.13-1,HIGH,affected,,https://avd.aquasec.com/nvd/cve-2026-41992
CVE-2026-41991,gzip,1.13-1,MEDIUM,affected,,https://avd.aquasec.com/nvd/cve-2026-41991
CVE-2026-54369,libacl1,2.3.2-2+b1,HIGH,affected,,https://avd.aquasec.com/nvd/cve-2026-54369
CVE-2026-54370,libacl1,2.3.2-2+b1,MEDIUM,affected,,https://avd.aquasec.com/nvd/cve-2026-54370
CVE-2011-3374,libapt-pkg7.0,3.0.3,LOW,affected,,https://avd.aquasec.com/nvd/cve-2011-3374
CVE-2026-54371,libattr1,1:2.5.2-3,MEDIUM,affected,,https://avd.aquasec.com/nvd/cve-2026-54371
CVE-2026-76642,libblkid1,2.41.5-0+deb13u1,HIGH,affected,,https://avd.aquasec.com/nvd/cve-2026-76642
CVE-2026-78408,libblkid1,2.41.5-0+deb13u1,HIGH,affected,,https://avd.aquasec.com/nvd/cve-2026-78408
CVE-2026-78409,libblkid1,2.41.5-0+deb13u1,HIGH,affected,,https://avd.aquasec.com/nvd/cve-2026-78409
CVE-2026-78410,libblkid1,2.41.5-0+deb13u1,HIGH,affected,,https://avd.aquasec.com/nvd/cve-2026-78410
CVE-2026-3184,libblkid1,2.41.5-0+deb13u1,MEDIUM,affected,,https://avd.aquasec.com/nvd/cve-2026-3184
CVE-2022-0563,libblkid1,2.41.5-0+deb13u1,LOW,affected,,https://avd.aquasec.com/nvd/cve-2022-0563
CVE-2026-42250,libbz2-1.0,1.0.8-6,MEDIUM,affected,,https://avd.aquasec.com/nvd/cve-2026-42250
CVE-2026-18374,libc-bin,2.41-12+deb13u3,MEDIUM,affected,,https://avd.aquasec.com/nvd/cve-2026-18374
CVE-2026-19499,libc-bin,2.41-12+deb13u3,MEDIUM,affected,,https://avd.aquasec.com/nvd/cve-2026-19499
CVE-2026-19542,libc-bin,2.41-12+deb13u3,MEDIUM,affected,,https://avd.aquasec.com/nvd/cve-2026-19542
CVE-2026-5435,libc-bin,2.41-12+deb13u3,MEDIUM,affected,,https://avd.aquasec.com/nvd/cve-2026-5435
CVE-2026-5450,libc-bin,2.41-12+deb13u3,MEDIUM,affected,,https://avd.aquasec.com/nvd/cve-2026-5450
CVE-2026-5928,libc-bin,2.41-12+deb13u3,MEDIUM,affected,,https://avd.aquasec.com/nvd/cve-2026-5928
CVE-2026-6238,libc-bin,2.41-12+deb13u3,MEDIUM,affected,,https://avd.aquasec.com/nvd/cve-2026-6238
CVE-2026-6368,libc-bin,2.41-12+deb13u3,MEDIUM,affected,,https://avd.aquasec.com/nvd/cve-2026-6368
CVE-2026-6791,libc-bin,2.41-12+deb13u3,MEDIUM,affected,,https://avd.aquasec.com/nvd/cve-2026-6791
CVE-2026-77117,libc-bin,2.41-12+deb13u3,MEDIUM,affected,,https://avd.aquasec.com/nvd/cve-2026-77117
CVE-2026-80489,libc-bin,2.41-12+deb13u3,MEDIUM,affected,,https://avd.aquasec.com/nvd/cve-2026-80489
CVE-2010-4756,libc-bin,2.41-12+deb13u3,LOW,affected,,https://avd.aquasec.com/nvd/cve-2010-4756
CVE-2018-20796,libc-bin,2.41-12+deb13u3,LOW,affected,,https://avd.aquasec.com/nvd/cve-2018-20796
CVE-2019-1010022,libc-bin,2.41-12+deb13u3,LOW,affected,,https://avd.aquasec.com/nvd/cve-2019-1010022
CVE-2019-1010023,libc-bin,2.41-12+deb13u3,LOW,affected,,https://avd.aquasec.com/nvd/cve-2019-1010023
CVE-2019-1010024,libc-bin,2.41-12+deb13u3,LOW,affected,,https://avd.aquasec.com/nvd/cve-2019-1010024
CVE-2019-1010025,libc-bin,2.41-12+deb13u3,LOW,affected,,https://avd.aquasec.com/nvd/cve-2019-1010025
CVE-2019-9192,libc-bin,2.41-12+deb13u3,LOW,affected,,https://avd.aquasec.com/nvd/cve-2019-9192
CVE-2026-18374,libc6,2.41-12+deb13u3,MEDIUM,affected,,https://avd.aquasec.com/nvd/cve-2026-18374
CVE-2026-19499,libc6,2.41-12+deb13u3,MEDIUM,affected,,https://avd.aquasec.com/nvd/cve-2026-19499
CVE-2026-19542,libc6,2.41-12+deb13u3,MEDIUM,affected,,https://avd.aquasec.com/nvd/cve-2026-19542
CVE-2026-5435,libc6,2.41-12+deb13u3,MEDIUM,affected,,https://avd.aquasec.com/nvd/cve-2026-5435
CVE-2026-5450,libc6,2.41-12+deb13u3,MEDIUM,affected,,https://avd.aquasec.com/nvd/cve-2026-5450
CVE-2026-5928,libc6,2.41-12+deb13u3,MEDIUM,affected,,https://avd.aquasec.com/nvd/cve-2026-5928
CVE-2026-6238,libc6,2.41-12+deb13u3,MEDIUM,affected,,https://avd.aquasec.com/nvd/cve-2026-6238
CVE-2026-6368,libc6,2.41-12+deb13u3,MEDIUM,affected,,https://avd.aquasec.com/nvd/cve-2026-6368
CVE-2026-6791,libc6,2.41-12+deb13u3,MEDIUM,affected,,https://avd.aquasec.com/nvd/cve-2026-6791
CVE-2026-77117,libc6,2.41-12+deb13u3,MEDIUM,affected,,https://avd.aquasec.com/nvd/cve-2026-77117
CVE-2026-80489,libc6,2.41-12+deb13u3,MEDIUM,affected,,https://avd.aquasec.com/nvd/cve-2026-80489
CVE-2010-4756,libc6,2.41-12+deb13u3,LOW,affected,,https://avd.aquasec.com/nvd/cve-2010-4756
CVE-2018-20796,libc6,2.41-12+deb13u3,LOW,affected,,https://avd.aquasec.com/nvd/cve-2018-20796
CVE-2019-1010022,libc6,2.41-12+deb13u3,LOW,affected,,https://avd.aquasec.com/nvd/cve-2019-1010022
CVE-2019-1010023,libc6,2.41-12+deb13u3,LOW,affected,,https://avd.aquasec.com/nvd/cve-2019-1010023
CVE-2019-1010024,libc6,2.41-12+deb13u3,LOW,affected,,https://avd.aquasec.com/nvd/cve-2019-1010024
CVE-2019-1010025,libc6,2.41-12+deb13u3,LOW,affected,,https://avd.aquasec.com/nvd/cve-2019-1010025
CVE-2019-9192,libc6,2.41-12+deb13u3,LOW,affected,,https://avd.aquasec.com/nvd/cve-2019-9192
CVE-2026-76642,liblastlog2-2,2.41.5-0+deb13u1,HIGH,affected,,https://avd.aquasec.com/nvd/cve-2026-76642
CVE-2026-78408,liblastlog2-2,2.41.5-0+deb13u1,HIGH,affected,,https://avd.aquasec.com/nvd/cve-2026-78408
CVE-2026-78409,liblastlog2-2,2.41.5-0+deb13u1,HIGH,affected,,https://avd.aquasec.com/nvd/cve-2026-78409
CVE-2026-78410,liblastlog2-2,2.41.5-0+deb13u1,HIGH,affected,,https://avd.aquasec.com/nvd/cve-2026-78410
CVE-2026-3184,liblastlog2-2,2.41.5-0+deb13u1,MEDIUM,affected,,https://avd.aquasec.com/nvd/cve-2026-3184
CVE-2022-0563,liblastlog2-2,2.41.5-0+deb13u1,LOW,affected,,https://avd.aquasec.com/nvd/cve-2022-0563
CVE-2026-76642,libmount1,2.41.5-0+deb13u1,HIGH,affected,,https://avd.aquasec.com/nvd/cve-2026-76642
CVE-2026-78408,libmount1,2.41.5-0+deb13u1,HIGH,affected,,https://avd.aquasec.com/nvd/cve-2026-78408
CVE-2026-78409,libmount1,2.41.5-0+deb13u1,HIGH,affected,,https://avd.aquasec.com/nvd/cve-2026-78409
CVE-2026-78410,libmount1,2.41.5-0+deb13u1,HIGH,affected,,https://avd.aquasec.com/nvd/cve-2026-78410
CVE-2026-3184,libmount1,2.41.5-0+deb13u1,MEDIUM,affected,,https://avd.aquasec.com/nvd/cve-2026-3184
CVE-2022-0563,libmount1,2.41.5-0+deb13u1,LOW,affected,,https://avd.aquasec.com/nvd/cve-2022-0563
CVE-2025-69720,libncursesw6,6.5+20250216-2,HIGH,affected,,https://avd.aquasec.com/nvd/cve-2025-69720
CVE-2025-6141,libncursesw6,6.5+20250216-2,LOW,affected,,https://avd.aquasec.com/nvd/cve-2025-6141
CVE-2026-54411,libpam-modules,1.7.0-5,MEDIUM,affected,,https://avd.aquasec.com/nvd/cve-2026-54411
CVE-2026-54411,libpam-modules-bin,1.7.0-5,MEDIUM,affected,,https://avd.aquasec.com/nvd/cve-2026-54411
CVE-2026-54411,libpam-runtime,1.7.0-5,MEDIUM,affected,,https://avd.aquasec.com/nvd/cve-2026-54411
CVE-2026-54411,libpam0g,1.7.0-5,MEDIUM,affected,,https://avd.aquasec.com/nvd/cve-2026-54411
CVE-2026-86145,libpcre2-8-0,10.46-1~deb13u1,UNKNOWN,affected,,https://avd.aquasec.com/nvd/cve-2026-86145
TEMP-0000000-21C4F8,libpcre2-8-0,10.46-1~deb13u1,UNKNOWN,affected,,https://security-tracker.debian.org/tracker/TEMP-0000000-21C4F8
TEMP-0000000-8188AC,libpcre2-8-0,10.46-1~deb13u1,UNKNOWN,affected,,https://security-tracker.debian.org/tracker/TEMP-0000000-8188AC
TEMP-0000000-A5518C,libpcre2-8-0,10.46-1~deb13u1,UNKNOWN,affected,,https://security-tracker.debian.org/tracker/TEMP-0000000-A5518C
TEMP-0000000-B05303,libpcre2-8-0,10.46-1~deb13u1,UNKNOWN,affected,,https://security-tracker.debian.org/tracker/TEMP-0000000-B05303
CVE-2026-76642,libsmartcols1,2.41.5-0+deb13u1,HIGH,affected,,https://avd.aquasec.com/nvd/cve-2026-76642
CVE-2026-78408,libsmartcols1,2.41.5-0+deb13u1,HIGH,affected,,https://avd.aquasec.com/nvd/cve-2026-78408
CVE-2026-78409,libsmartcols1,2.41.5-0+deb13u1,HIGH,affected,,https://avd.aquasec.com/nvd/cve-2026-78409
CVE-2026-78410,libsmartcols1,2.41.5-0+deb13u1,HIGH,affected,,https://avd.aquasec.com/nvd/cve-2026-78410
CVE-2026-3184,libsmartcols1,2.41.5-0+deb13u1,MEDIUM,affected,,https://avd.aquasec.com/nvd/cve-2026-3184
CVE-2022-0563,libsmartcols1,2.41.5-0+deb13u1,LOW,affected,,https://avd.aquasec.com/nvd/cve-2022-0563
CVE-2026-11822,libsqlite3-0,3.46.1-7+deb13u1,HIGH,affected,,https://avd.aquasec.com/nvd/cve-2026-11822
CVE-2026-11824,libsqlite3-0,3.46.1-7+deb13u1,HIGH,affected,,https://avd.aquasec.com/nvd/cve-2026-11824
CVE-2026-39113,libsqlite3-0,3.46.1-7+deb13u1,MEDIUM,affected,,https://avd.aquasec.com/nvd/cve-2026-39113
CVE-2026-50812,libsqlite3-0,3.46.1-7+deb13u1,MEDIUM,affected,,https://avd.aquasec.com/nvd/cve-2026-50812
CVE-2026-50813,libsqlite3-0,3.46.1-7+deb13u1,MEDIUM,affected,,https://avd.aquasec.com/nvd/cve-2026-50813
CVE-2021-45346,libsqlite3-0,3.46.1-7+deb13u1,LOW,affected,,https://avd.aquasec.com/nvd/cve-2021-45346
CVE-2025-70873,libsqlite3-0,3.46.1-7+deb13u1,LOW,affected,,https://avd.aquasec.com/nvd/cve-2025-70873
CVE-2026-16742,libsystemd0,257.13-1~deb13u1,HIGH,affected,,https://avd.aquasec.com/nvd/cve-2026-16742
CVE-2026-15059,libsystemd0,257.13-1~deb13u1,MEDIUM,affected,,https://avd.aquasec.com/nvd/cve-2026-15059
CVE-2013-4392,libsystemd0,257.13-1~deb13u1,LOW,affected,,https://avd.aquasec.com/nvd/cve-2013-4392
CVE-2023-31437,libsystemd0,257.13-1~deb13u1,LOW,affected,,https://avd.aquasec.com/nvd/cve-2023-31437
CVE-2023-31438,libsystemd0,257.13-1~deb13u1,LOW,affected,,https://avd.aquasec.com/nvd/cve-2023-31438
CVE-2023-31439,libsystemd0,257.13-1~deb13u1,LOW,affected,,https://avd.aquasec.com/nvd/cve-2023-31439
CVE-2026-40228,libsystemd0,257.13-1~deb13u1,LOW,affected,,https://avd.aquasec.com/nvd/cve-2026-40228
CVE-2025-69720,libtinfo6,6.5+20250216-2,HIGH,affected,,https://avd.aquasec.com/nvd/cve-2025-69720
CVE-2025-6141,libtinfo6,6.5+20250216-2,LOW,affected,,https://avd.aquasec.com/nvd/cve-2025-6141
CVE-2026-16742,libudev1,257.13-1~deb13u1,HIGH,affected,,https://avd.aquasec.com/nvd/cve-2026-16742
CVE-2026-15059,libudev1,257.13-1~deb13u1,MEDIUM,affected,,https://avd.aquasec.com/nvd/cve-2026-15059
CVE-2013-4392,libudev1,257.13-1~deb13u1,LOW,affected,,https://avd.aquasec.com/nvd/cve-2013-4392
CVE-2023-31437,libudev1,257.13-1~deb13u1,LOW,affected,,https://avd.aquasec.com/nvd/cve-2023-31437
CVE-2023-31438,libudev1,257.13-1~deb13u1,LOW,affected,,https://avd.aquasec.com/nvd/cve-2023-31438
CVE-2023-31439,libudev1,257.13-1~deb13u1,LOW,affected,,https://avd.aquasec.com/nvd/cve-2023-31439
CVE-2026-40228,libudev1,257.13-1~deb13u1,LOW,affected,,https://avd.aquasec.com/nvd/cve-2026-40228
CVE-2026-76642,libuuid1,2.41.5-0+deb13u1,HIGH,affected,,https://avd.aquasec.com/nvd/cve-2026-76642
CVE-2026-78408,libuuid1,2.41.5-0+deb13u1,HIGH,affected,,https://avd.aquasec.com/nvd/cve-2026-78408
CVE-2026-78409,libuuid1,2.41.5-0+deb13u1,HIGH,affected,,https://avd.aquasec.com/nvd/cve-2026-78409
CVE-2026-78410,libuuid1,2.41.5-0+deb13u1,HIGH,affected,,https://avd.aquasec.com/nvd/cve-2026-78410
CVE-2026-3184,libuuid1,2.41.5-0+deb13u1,MEDIUM,affected,,https://avd.aquasec.com/nvd/cve-2026-3184
CVE-2022-0563,libuuid1,2.41.5-0+deb13u1,LOW,affected,,https://avd.aquasec.com/nvd/cve-2022-0563
CVE-2026-76642,login,1:4.16.0-2+really2.41.5-0+deb13u1,HIGH,affected,,https://avd.aquasec.com/nvd/cve-2026-76642
CVE-2026-78408,login,1:4.16.0-2+really2.41.5-0+deb13u1,HIGH,affected,,https://avd.aquasec.com/nvd/cve-2026-78408
CVE-2026-78409,login,1:4.16.0-2+really2.41.5-0+deb13u1,HIGH,affected,,https://avd.aquasec.com/nvd/cve-2026-78409
CVE-2026-78410,login,1:4.16.0-2+really2.41.5-0+deb13u1,HIGH,affected,,https://avd.aquasec.com/nvd/cve-2026-78410
CVE-2026-3184,login,1:4.16.0-2+really2.41.5-0+deb13u1,MEDIUM,affected,,https://avd.aquasec.com/nvd/cve-2026-3184
CVE-2022-0563,login,1:4.16.0-2+really2.41.5-0+deb13u1,LOW,affected,,https://avd.aquasec.com/nvd/cve-2022-0563
CVE-2007-5686,login.defs,1:4.17.4-2,LOW,affected,,https://avd.aquasec.com/nvd/cve-2007-5686
CVE-2024-56433,login.defs,1:4.17.4-2,LOW,affected,,https://avd.aquasec.com/nvd/cve-2024-56433
TEMP-0628843-DBAD28,login.defs,1:4.17.4-2,LOW,affected,,https://security-tracker.debian.org/tracker/TEMP-0628843-DBAD28
CVE-2026-76642,mount,2.41.5-0+deb13u1,HIGH,affected,,https://avd.aquasec.com/nvd/cve-2026-76642
CVE-2026-78408,mount,2.41.5-0+deb13u1,HIGH,affected,,https://avd.aquasec.com/nvd/cve-2026-78408
CVE-2026-78409,mount,2.41.5-0+deb13u1,HIGH,affected,,https://avd.aquasec.com/nvd/cve-2026-78409
CVE-2026-78410,mount,2.41.5-0+deb13u1,HIGH,affected,,https://avd.aquasec.com/nvd/cve-2026-78410
CVE-2026-3184,mount,2.41.5-0+deb13u1,MEDIUM,affected,,https://avd.aquasec.com/nvd/cve-2026-3184
CVE-2022-0563,mount,2.41.5-0+deb13u1,LOW,affected,,https://avd.aquasec.com/nvd/cve-2022-0563
CVE-2025-69720,ncurses-base,6.5+20250216-2,HIGH,affected,,https://avd.aquasec.com/nvd/cve-2025-69720
CVE-2025-6141,ncurses-base,6.5+20250216-2,LOW,affected,,https://avd.aquasec.com/nvd/cve-2025-6141
CVE-2025-69720,ncurses-bin,6.5+20250216-2,HIGH,affected,,https://avd.aquasec.com/nvd/cve-2025-69720
CVE-2025-6141,ncurses-bin,6.5+20250216-2,LOW,affected,,https://avd.aquasec.com/nvd/cve-2025-6141
CVE-2007-5686,passwd,1:4.17.4-2,LOW,affected,,https://avd.aquasec.com/nvd/cve-2007-5686
CVE-2024-56433,passwd,1:4.17.4-2,LOW,affected,,https://avd.aquasec.com/nvd/cve-2024-56433
TEMP-0628843-DBAD28,passwd,1:4.17.4-2,LOW,affected,,https://security-tracker.debian.org/tracker/TEMP-0628843-DBAD28
CVE-2026-13221,perl-base,5.40.1-6,CRITICAL,affected,,https://avd.aquasec.com/nvd/cve-2026-13221
CVE-2026-42496,perl-base,5.40.1-6,CRITICAL,fix_deferred,,https://avd.aquasec.com/nvd/cve-2026-42496
CVE-2026-8376,perl-base,5.40.1-6,CRITICAL,affected,,https://avd.aquasec.com/nvd/cve-2026-8376
CVE-2026-42497,perl-base,5.40.1-6,HIGH,fix_deferred,,https://avd.aquasec.com/nvd/cve-2026-42497
CVE-2026-48962,perl-base,5.40.1-6,HIGH,affected,,https://avd.aquasec.com/nvd/cve-2026-48962
CVE-2026-57432,perl-base,5.40.1-6,HIGH,affected,,https://avd.aquasec.com/nvd/cve-2026-57432
CVE-2026-57433,perl-base,5.40.1-6,HIGH,affected,,https://avd.aquasec.com/nvd/cve-2026-57433
CVE-2026-9538,perl-base,5.40.1-6,HIGH,fix_deferred,,https://avd.aquasec.com/nvd/cve-2026-9538
CVE-2025-15649,perl-base,5.40.1-6,MEDIUM,affected,,https://avd.aquasec.com/nvd/cve-2025-15649
CVE-2026-12087,perl-base,5.40.1-6,MEDIUM,affected,,https://avd.aquasec.com/nvd/cve-2026-12087
CVE-2026-15534,perl-base,5.40.1-6,MEDIUM,fix_deferred,,https://avd.aquasec.com/nvd/cve-2026-15534
CVE-2026-48959,perl-base,5.40.1-6,MEDIUM,affected,,https://avd.aquasec.com/nvd/cve-2026-48959
CVE-2026-48961,perl-base,5.40.1-6,MEDIUM,affected,,https://avd.aquasec.com/nvd/cve-2026-48961
CVE-2026-7010,perl-base,5.40.1-6,MEDIUM,affected,,https://avd.aquasec.com/nvd/cve-2026-7010
CVE-2026-7017,perl-base,5.40.1-6,MEDIUM,affected,,https://avd.aquasec.com/nvd/cve-2026-7017
CVE-2011-4116,perl-base,5.40.1-6,LOW,affected,,https://avd.aquasec.com/nvd/cve-2011-4116
CVE-2026-19487,perl-base,5.40.1-6,UNKNOWN,affected,,https://avd.aquasec.com/nvd/cve-2026-19487
TEMP-0517018-A83CE6,sysvinit-utils,3.14-4,LOW,affected,,https://security-tracker.debian.org/tracker/TEMP-0517018-A83CE6
CVE-2026-18477,tar,1.35+dfsg-3.1,MEDIUM,affected,,https://avd.aquasec.com/nvd/cve-2026-18477
CVE-2026-18508,tar,1.35+dfsg-3.1,MEDIUM,affected,,https://avd.aquasec.com/nvd/cve-2026-18508
CVE-2026-5704,tar,1.35+dfsg-3.1,MEDIUM,affected,,https://avd.aquasec.com/nvd/cve-2026-5704
CVE-2005-2541,tar,1.35+dfsg-3.1,LOW,affected,,https://avd.aquasec.com/nvd/cve-2005-2541
TEMP-0290435-0B57B5,tar,1.35+dfsg-3.1,LOW,affected,,https://security-tracker.debian.org/tracker/TEMP-0290435-0B57B5
CVE-2026-76642,util-linux,2.41.5-0+deb13u1,HIGH,affected,,https://avd.aquasec.com/nvd/cve-2026-76642
CVE-2026-78408,util-linux,2.41.5-0+deb13u1,HIGH,affected,,https://avd.aquasec.com/nvd/cve-2026-78408
CVE-2026-78409,util-linux,2.41.5-0+deb13u1,HIGH,affected,,https://avd.aquasec.com/nvd/cve-2026-78409
CVE-2026-78410,util-linux,2.41.5-0+deb13u1,HIGH,affected,,https://avd.aquasec.com/nvd/cve-2026-78410
CVE-2026-3184,util-linux,2.41.5-0+deb13u1,MEDIUM,affected,,https://avd.aquasec.com/nvd/cve-2026-3184
CVE-2022-0563,util-linux,2.41.5-0+deb13u1,LOW,affected,,https://avd.aquasec.com/nvd/cve-2022-0563
CVE-2026-27171,zlib1g,1:1.3.dfsg+really1.3.1-1+b1,MEDIUM,affected,,https://avd.aquasec.com/nvd/cve-2026-27171
CVE-2026-85091,zlib1g,1:1.3.dfsg+really1.3.1-1+b1,MEDIUM,affected,,https://avd.aquasec.com/nvd/cve-2026-85091
